0.0, 574.376750246, 615.911934084, 562.379221333, 449.659777028, 371.009527127, 421.97195483, 494.983891088, 458.303140221, 438.203404143, 402.401705093, 410.423151246, 691.737163025, 508.014267721, 431.882280527, 373.685067704, 567.522496316, 616.273278315, 574.743960138, 428.741084116, 383.515296973, 660.483761711, 636.442047035, 407.202185573, 689.915524879, 554.671723277, 530.091228581, 429.051360774, 503.228064171, 540.150630539, 606.59565987, 423.782704656, 487.449068705, 650.991605248, 413.464504088, 546.727587536, 424.28707691, 649.662272299, 625.310976008, 442.638218635, 629.263978052, 601.681428262, 395.769989056, 518.961231, 423.333431506, 465.261676074, 486.531957145, 826.809178033, 412.579535934, 462.397670496, 430.050311271, 741.101605296, 403.065361448, 459.620113537, 631.784388105, 604.979454336, 408.90845228, 408.835139813, 477.954168906, 487.586101066, 387.307495082, 429.008981161, 750.882193228, 399.010964119, 503.621330405, 640.501277848, 509.584835177, 431.146820418, 603.939146375, 631.554075596
574.376750246, 0.0, 501.490680542, 507.952471118, 499.235251697, 497.750897033, 518.093836979, 475.004278154, 582.708469407, 533.070894268, 547.092681732, 512.140557168, 546.667289427, 595.045778129, 522.724751568, 499.456861934, 532.817001738, 509.794659804, 608.520675343, 549.199006556, 531.508181785, 526.31174523, 638.088613491, 529.430146548, 550.791403261, 512.493478799, 470.651494231, 504.145614132, 480.596484273, 610.184053855, 602.83891395, 468.364299949, 568.08064261, 651.296104542, 557.44235316, 560.444006118, 512.435050736, 588.579197218, 513.852646387, 458.803742559, 610.086784714, 496.91317102, 542.038781982, 558.106259865, 544.637076011, 460.976445415, 572.374639264, 666.033775998, 538.17217328, 464.583521077, 471.462297733, 590.840507623, 523.72833876, 466.724942325, 619.552609904, 602.369714315, 501.80664053, 502.299541948, 553.956511015, 486.273661972, 525.264519459, 571.027935851, 598.651780172, 501.258449429, 596.678266865, 593.240267246, 593.057574131, 555.247091745, 556.262375084, 569.163117946
615.911934084, 501.490680542, 0.0, 317.406982626, 431.670498221, 499.033518178, 515.036258954, 281.445452161, 597.522234669, 503.365662359, 589.748550799, 554.419604203, 216.647887132, 588.171185303, 485.440199355, 493.702798272, 572.433996319, 201.131188994, 564.514226075, 599.972295842, 597.626018293, 206.141008528, 521.654160731, 565.850798387, 207.881485157, 376.374415823, 272.852465975, 464.161140194, 340.406007763, 572.828107188, 555.481439979, 396.731268745, 594.837506038, 538.233830108, 587.873129024, 570.720842882, 498.368006135, 539.829004994, 208.764836114, 359.982174652, 552.722372458, 209.49877256, 566.06368629, 508.571028826, 551.313840119, 320.848342623, 607.537578688, 448.929830122, 561.647472048, 321.783769135, 371.440841016, 254.988479082, 557.624078484, 341.801734715, 546.086545534, 561.587271274, 502.584973231, 509.7170704, 593.5435961, 350.058354974, 560.894059302, 584.447500279, 276.639496359, 496.095196384, 583.714064112, 551.859993397, 569.745777206, 578.875433221, 541.488915005, 541.000233542
562.379221333, 507.952471118, 317.406982626, 0.0, 410.47340713, 467.272806083, 447.662713449, 334.005476514, 541.673024095, 464.621972998, 535.802729809, 524.679096108, 343.50628939, 554.678057694, 458.899000627, 455.309042856, 553.383950673, 313.543860033, 513.986904513, 549.389535636, 543.582459247, 332.036375288, 508.959784671, 519.54429394, 345.584709416, 375.927330568, 318.009319818, 439.491334349, 355.7271689, 526.785091826, 530.023787147, 396.686925892, 565.393888191, 542.449056009, 539.131216387, 536.549144179, 474.057604357, 529.272712253, 311.107810589, 359.742378943, 537.948950718, 307.716330635, 521.616167035, 487.794238234, 516.471810891, 356.700147616, 559.015406619, 518.571287738, 527.235005918, 349.365710242, 368.769130183, 374.103941096, 518.373386382, 354.852108329, 536.599831758, 547.662853128, 479.694340189, 482.841998107, 549.897276304, 350.465806042, 508.383767854, 531.2147396, 388.97798155, 467.74957443, 546.073927865, 545.846530228, 532.204208953, 530.837635377, 528.388233401, 535.318445891
449.659777028, 499.235251697, 431.670498221, 410.47340713, 0.0, 353.552577429, 367.060051679, 350.176425371, 437.579463477, 334.569292203, 417.286150823, 404.107522085, 502.971201606, 463.908664101, 328.558639002, 338.717638162, 535.533978944, 432.096333871, 509.68849337, 459.305674743, 423.879178115, 477.065049304, 544.18210112, 426.460297567, 504.585987581, 423.737183456, 368.613171597, 370.949244687, 351.487619055, 485.684662424, 547.584604507, 315.936589463, 483.340282186, 546.777409773, 390.636634105, 497.638794714, 371.357409585, 579.745710214, 444.373479013, 326.920446965, 553.56678744, 417.050498916, 428.117366805, 439.664754545, 392.191037572, 312.834390426, 462.952821979, 667.896708523, 406.851851812, 319.948260662, 321.169795811, 552.386615035, 383.16765736, 322.37559647, 564.821791865, 531.049917128, 344.253319243, 350.993256411, 467.29747315, 342.371466167, 379.563687902, 451.43288964, 564.129929088, 326.562225375, 479.433048458, 553.172653371, 501.544079136, 461.691974641, 542.27029004, 576.591662319
371.009527127, 497.750897033, 499.033518178, 467.272806083, 353.552577429, 0.0, 342.168531812, 385.231362931, 388.756852989, 348.515920209, 361.869465483, 355.906816393, 580.775891325, 456.150556819, 347.235763131, 262.486548431, 522.304226404, 506.600020142, 509.306551628, 399.765129318, 359.029336153, 546.060023382, 571.037818783, 373.260247546, 578.21211715, 454.561540507, 410.026980681, 377.106742418, 402.467662917, 471.230862625, 561.790246842, 319.109993583, 459.293198151, 572.210072026, 354.756645305, 477.568051799, 344.72521253, 589.05659631, 513.067527303, 336.655259054, 567.879743626, 484.967298516, 371.357056077, 461.744273636, 362.991566658, 341.699376602, 436.140412011, 743.27960991, 352.446500167, 338.894057185, 312.037119636, 636.388534291, 333.577405165, 342.353080407, 581.416395835, 542.904077201, 317.880595145, 336.426578016, 452.432019398, 374.393393139, 317.512769761, 399.614665844, 648.182921993, 293.63593597, 477.171730746, 574.881622944, 486.956403599, 401.324939222, 558.491621227, 590.51989048
421.97195483, 518.093836979, 515.036258954, 447.662713449, 367.060051679, 342.168531812, 0.0, 407.509696107, 404.753280062, 361.929534408, 379.619805064, 380.502707083, 596.839378934, 466.104169989, 365.463098056, 334.381488693, 526.061105083, 514.320617044, 495.809185045, 437.348628358, 380.076687333, 565.66353409, 566.401040847, 404.704249251, 599.163633299, 452.517528099, 429.741306186, 350.114053062, 407.634468905, 462.080493397, 577.07763768, 346.637343026, 471.931694246, 575.153182719, 375.676048404, 517.336819532, 370.135971518, 609.433601473, 527.797172191, 349.863280125, 602.91085993, 507.598141874, 381.719203699, 447.304175366, 353.423136628, 365.166580253, 431.220025341, 745.206079103, 381.81210597, 372.394737113, 341.793262982, 651.88102135, 346.86879606, 370.437877714, 597.377304536, 544.460126213, 331.604431622, 372.945190905, 466.078417758, 371.316081213, 368.896402974, 443.607658928, 655.644090137, 324.14178214, 498.873043179, 570.327440616, 499.910886422, 429.617753295, 563.516492853, 603.522086125
494.983891088, 475.004278154, 281.445452161, 334.005476514, 350.176425371, 385.231362931, 407.509696107, 0.0, 494.314186916, 408.385143005, 477.113999085, 443.972234464, 352.052286246, 496.687971399, 390.772657021, 368.579776974, 523.599279789, 269.248849674, 506.378676006, 508.129364925, 478.375143362, 324.509065137, 502.085393715, 467.881655822, 354.052338038, 366.01735879, 264.931159736, 371.506500856, 302.921039302, 496.726892366, 536.968139732, 305.236916, 512.307903858, 515.2348362, 463.470612274, 513.163498285, 395.928843197, 538.018448595, 302.452723519, 281.760465288, 535.388794757, 283.725091906, 451.969068649, 449.002032847, 440.997165378, 268.278462246, 512.187856885, 553.153510495, 451.161643365, 258.440980817, 293.668924538, 406.082331422, 436.242583144, 271.863698356, 534.92280609, 515.247014363, 387.298142661, 405.829113569, 505.720511529, 294.903905269, 438.81960485, 489.52566229, 416.539313028, 375.433926598, 514.631837906, 528.677095492, 512.477267543, 484.442224943, 515.066885879, 535.73379673
458.303140221, 582.708469407, 597.522234669, 541.673024095, 437.579463477, 388.756852989, 404.753280062, 494.314186916, 0.0, 451.024479134, 446.845297919, 430.376060533, 675.092099805, 497.498893582, 438.87200004, 401.62076525, 588.764779335, 599.876624661, 519.879614848, 483.90083037, 441.960929602, 645.957529619, 612.647111883, 470.93765884, 675.074567688, 519.157098995, 505.719411758, 428.464348455, 479.396444349, 508.204049132, 652.931491142, 425.25873899, 539.407626272, 596.520139784, 418.556501808, 563.544788711, 447.609545356, 677.746486453, 613.265200709, 432.022270102, 641.556907007, 584.91006235, 442.13956211, 526.479768378, 414.704288373, 461.371662402, 454.354215039, 822.058625128, 425.804603908, 450.729170795, 434.711734912, 727.429317572, 408.219446167, 465.674900394, 659.130679685, 607.316606794, 396.655203705, 423.593160607, 529.903999911, 458.468313946, 418.114668828, 504.073288324, 739.031396208, 410.208980953, 538.151479824, 632.850517946, 575.705579208, 475.38673597, 645.382852205, 676.853213955
438.203404143, 533.070894268, 503.365662359, 464.621972998, 334.569292203, 348.515920209, 361.929534408, 408.385143005, 451.024479134, 0.0, 406.561275265, 416.199906741, 578.471593725, 473.526565829, 303.422223785, 361.970010082, 546.475594267, 504.729623856, 509.959028895, 442.230764342, 422.683823545, 552.109707025, 573.772784265, 411.238767507, 578.468559585, 460.884238999, 439.294163525, 398.073316444, 420.321608577, 498.575481893, 557.143939674, 360.891130397, 489.135513191, 577.05211837, 399.472801457, 514.604373308, 382.910918933, 593.629992593, 517.511030368, 378.306852408, 563.930985261, 500.661673545, 414.666621334, 471.628470979, 400.525513072, 367.347822945, 479.965557709, 731.999135394, 412.958217826, 389.506390185, 353.354431154, 627.041614074, 403.481815172, 369.54906909, 574.751282478, 565.174866611, 372.245401169, 386.911814602, 466.619018429, 393.749597031, 375.160492244, 421.736552097, 636.386305784, 349.698468071, 481.291434961, 586.032312085, 501.786860482, 443.601484027, 556.889360662, 593.154024487
402.401705093, 547.092681732, 589.748550799, 535.802729809, 417.286150823, 361.869465483, 379.619805064, 477.113999085, 446.845297919, 406.561275265, 0.0, 398.613494786, 657.912512046, 479.433179614, 400.624364205, 364.88865739, 550.269423512, 588.357763275, 550.197215819, 399.394521465, 395.38925509, 631.175758222, 633.958633789, 407.786319875, 658.488152063, 517.465673908, 502.048650465, 447.753572797, 470.153750577, 522.854375376, 573.809399523, 397.205699777, 468.574923214, 626.969526516, 402.884410954, 506.790066749, 399.33124595, 630.13076673, 594.225151796, 419.979358287, 614.657782457, 574.049397405, 418.057733367, 503.444274987, 400.215704542, 431.293063194, 494.260473373, 798.02981348, 405.864665849, 431.570278251, 393.629526784, 712.363786008, 372.691855841, 418.608821319, 602.937290152, 578.059944244, 380.022778835, 413.934397351, 471.799155821, 454.389138832, 360.698981006, 421.078633951, 722.093495519, 359.386392292, 491.389696652, 620.442743873, 508.616195462, 412.457805321, 584.448116957, 618.1528346
410.423151246, 512.140557168, 554.419604203, 524.679096108, 404.107522085, 355.906816393, 380.502707083, 443.972234464, 430.376060533, 416.199906741, 398.613494786, 0.0, 637.724754269, 477.154676831, 394.751456227, 353.516393594, 539.475832215, 557.295045188, 540.881556895, 423.628468276, 381.348579786, 603.956006193, 613.678848704, 413.302977623, 641.270010397, 500.839455555, 472.400049549, 416.308941119, 445.504262028, 509.500760823, 614.15444917, 356.419135157, 468.760389148, 617.884396841, 382.774840893, 510.322642693, 367.404933209, 638.924888715, 572.70107281, 388.194078991, 618.75187656, 548.774820048, 400.389362798, 475.791285227, 367.731358321, 397.417343336, 469.332523747, 780.658984427, 361.826824315, 405.645793593, 384.447215952, 698.260026482, 334.608698996, 404.965776433, 624.023982577, 563.456404338, 335.101162638, 375.659452129, 458.814600303, 426.471154083, 366.015437859, 442.533207365, 703.216743979, 348.122244326, 518.199730414, 605.971434307, 524.127678712, 438.10182133, 582.396653927, 616.183442002
691.737163025, 546.667289427, 216.647887132, 343.50628939, 502.971201606, 580.775891325, 596.839378934, 352.052286246, 675.092099805, 578.471593725, 657.912512046, 637.724754269, 0.0, 654.010797727, 560.105480691, 571.848235119, 619.022587303, 217.716063974, 616.596452016, 663.585391952, 675.969414592, 169.835875011, 554.361490259, 634.760404766, 162.233239896, 419.286829859, 318.163677445, 540.670625859, 404.117234096, 636.912988832, 568.933178742, 480.16222901, 654.800189707, 576.271845197, 670.81435286, 610.647737982, 571.956301583, 548.403762948, 198.416217239, 432.861739657, 566.19607229, 227.749630332, 642.875409699, 569.494650549, 633.243288677, 408.816503221, 682.562681055, 403.094908283, 651.228960647, 395.669989817, 449.35360649, 172.237380153, 640.943054639, 413.177485949, 557.999655591, 606.976690095, 592.485317182, 583.047494118, 650.261038195, 409.137423862, 637.343671345, 645.467633788, 203.490285974, 581.889835574, 636.931551484, 588.407682809, 618.73744621, 651.438374093, 567.478516987, 562.308970845
508.014267721, 595.045778129, 588.171185303, 554.678057694, 463.908664101, 456.150556819, 466.104169989, 496.687971399, 497.498893582, 473.526565829, 479.433179614, 477.154676831, 654.010797727, 0.0, 464.145296669, 441.652384995, 600.723851356, 585.912306365, 553.30732558, 524.497888295, 487.712925972, 626.034411113, 600.13554093, 488.289506194, 650.420978655, 516.12017597, 512.969266672, 469.670870647, 476.545792855, 533.487556818, 616.73054512, 445.016981528, 558.586876317, 597.645240305, 444.93702628, 565.539721541, 468.439701449, 664.778472572, 597.574531615, 451.194453555, 629.538742013, 569.403264936, 472.227259691, 507.694724821, 445.128186666, 469.822290673, 499.524215819, 782.195091021, 450.424518845, 460.786319594, 442.452074518, 700.079809651, 434.958997833, 467.134686959, 631.440482584, 577.110075836, 448.748712994, 456.169746279, 519.824127687, 477.24585919, 468.611319485, 499.446913653, 706.098966595, 438.066677984, 549.152577163, 616.766096652, 565.419863473, 516.256697499, 629.708622319, 657.836186787
431.882280527, 522.724751568, 485.440199355, 458.899000627, 328.558639002, 347.235763131, 365.463098056, 390.772657021, 438.87200004, 303.422223785, 400.624364205, 394.751456227, 560.105480691, 464.145296669, 0.0, 356.822495311, 543.205565011, 491.187862809, 512.489711863, 439.215226469, 414.55721849, 532.396738985, 580.061350316, 409.721919391, 560.274898923, 450.911838299, 424.076051413, 391.757815641, 405.7463068, 505.891905674, 546.963267911, 337.713042515, 470.107937894, 577.476685764, 385.941817282, 492.790878386, 365.788523253, 589.137051219, 503.140027741, 362.474859011, 560.922691873, 484.744591488, 408.912318938, 445.748135751, 377.832189771, 352.377870742, 473.940323663, 713.892710392, 395.53523976, 368.62718005, 343.364157968, 611.556917035, 382.130915745, 355.872400683, 559.654418553, 546.75513327, 360.033484088, 370.178056117, 462.330640409, 374.174392563, 369.673139226, 412.482517006, 618.085381344, 333.371594974, 473.278469168, 570.105441967, 499.980464753, 449.262853557, 547.114829141, 593.488368259
373.685067704, 499.456861934, 493.702798272, 455.309042856, 338.717638162, 262.486548431, 334.381488693, 368.579776974, 401.62076525, 361.970010082, 364.88865739, 353.516393594, 571.848235119, 441.652384995, 356.822495311, 0.0, 527.380583351, 491.506389404, 498.688451884, 414.458602846, 360.587199391, 541.094745779, 568.171184097, 393.783685733, 574.428234363, 446.346697602, 397.778054095, 375.539306927, 396.36911382, 472.854596522, 568.357236632, 314.80173714, 459.105504576, 569.59979987, 339.436767529, 495.114266356, 347.66839977, 597.401055532, 506.353327877, 325.033356143, 577.043363537, 476.399687962, 373.192045451, 450.034357505, 356.948555254, 344.131738681, 437.353402707, 737.017807571, 348.452237251, 331.481742963, 305.771715195, 632.390718423, 332.132096676, 348.850892723, 582.314469639, 540.898516536, 318.213156877, 337.326331107, 452.744926378, 364.738527245, 319.721544105, 399.344372194, 643.995229634, 291.550340143, 490.635018459, 576.45630527, 499.139453586, 415.393422671, 561.486019527, 597.325712173
567.522496316, 532.817001738, 572.433996319, 553.383950673, 535.533978944, 522.304226404, 526.061105083, 523.599279789, 588.764779335, 546.475594267, 550.269423512, 539.475832215, 619.022587303, 600.723851356, 543.205565011, 527.380583351, 0.0, 568.761295329, 626.609400912, 542.733360132, 563.566967375, 594.522272976, 648.140855329, 531.384644528, 618.700550642, 548.063152092, 525.244650415, 519.145457092, 530.848604882, 608.863080422, 602.981345612, 503.029988887, 565.75583071, 683.088701947, 568.748950523, 591.760956148, 529.217628129, 598.745836888, 578.411421238, 508.467127082, 657.332171481, 565.308720694, 551.17226007, 562.424638985, 556.994576172, 514.970819766, 590.41604182, 708.703465432, 546.581597284, 513.488703498, 507.307451232, 651.91753887, 543.362232244, 516.075188423, 623.586984467, 587.303364955, 526.033905146, 537.313462413, 557.417985036, 519.948926881, 554.00323661, 562.839647816, 656.447233007, 522.283062948, 603.535814839, 608.64972008, 579.710101379, 539.131887779, 564.007256211, 572.978636554
616.273278315, 509.794659804, 201.131188994, 313.543860033, 432.096333871, 506.600020142, 514.320617044, 269.248849674, 599.876624661, 504.729623856, 588.357763275, 557.295045188, 217.716063974, 585.912306365, 491.187862809, 491.506389404, 568.761295329, 0.0, 558.070450759, 599.830039213, 599.162811565, 205.90461781, 516.984958927, 571.087724069, 216.534888832, 381.268799825, 276.650833272, 467.084744804, 347.85676989, 568.966969564, 551.62395473, 399.775452006, 598.469379867, 542.398377815, 593.240487877, 569.990793128, 500.194084676, 533.72058915, 207.256653755, 361.647611216, 547.787231722, 213.044606268, 567.286123966, 506.765895836, 554.897663193, 339.216139413, 613.605718515, 441.904113649, 570.789248382, 333.152533258, 377.373684598, 252.732657994, 556.900415439, 348.439465297, 537.330896692, 557.999858985, 504.603743998, 513.672433278, 594.163639128, 345.089285299, 561.687961386, 581.261435896, 269.345015882, 502.968690616, 582.854241261, 549.779282149, 567.170166774, 586.155181137, 535.414698478, 539.462548303
574.743960138, 608.520675343, 564.514226075, 513.986904513, 509.68849337, 509.306551628, 495.809185045, 506.378676006, 519.879614848, 509.959028895, 550.197215819, 540.881556895, 616.596452016, 553.30732558, 512.489711863, 498.688451884, 626.609400912, 558.070450759, 0.0, 573.115611953, 536.257134905, 598.342016171, 575.666384687, 559.782608575, 614.452503521, 498.901417731, 514.988478383, 503.577052635, 494.579275879, 537.08077709, 646.98898678, 487.387713729, 612.949988679, 590.79174243, 534.134572559, 609.17048844, 533.428528019, 675.520933191, 576.471007085, 484.768344341, 630.195064086, 557.073612683, 549.534775872, 551.596994186, 522.982615779, 493.994566661, 548.895214239, 759.058164222, 536.175465915, 485.083146802, 486.716284505, 656.22035455, 519.880019337, 496.776955287, 648.539903685, 606.640685726, 515.011355231, 518.419062035, 587.920581341, 474.213639992, 517.040069222, 565.586482148, 663.874625865, 508.388468161, 601.582765068, 650.987105275, 624.879340411, 572.113187364, 652.039039284, 674.056166014
428.741084116, 549.199006556, 599.972295842, 549.389535636, 459.305674743, 399.765129318, 437.348628358, 508.129364925, 483.90083037, 442.230764342, 399.394521465, 423.628468276, 663.585391952, 524.497888295, 439.215226469, 414.458602846, 542.733360132, 599.830039213, 573.115611953, 0.0, 434.403263081, 638.490366346, 645.195874314, 416.068029125, 666.15791849, 542.298109335, 527.908106046, 464.289841893, 506.21481516, 555.434234354, 583.769378901, 428.798374081, 491.448073863, 649.961044884, 457.130672621, 509.612163759, 429.676868577, 615.256939718, 607.002752525, 464.137475907, 624.374051129, 591.657282784, 426.521257747, 531.299412211, 460.430439274, 466.609175991, 516.984702897, 798.767312761, 429.217165033, 474.983889687, 439.727203584, 716.714147692, 423.689554989, 470.435854035, 604.312519511, 599.330600851, 418.565875501, 449.22148431, 467.964318418, 485.217331145, 405.67670634, 438.532131373, 722.459556282, 414.862903749, 504.745199426, 631.583596611, 513.115302601, 430.550966389, 574.601800205, 610.701478817
383.515296973, 531.508181785, 597.626018293, 543.582459247, 423.879178115, 359.029336153, 380.076687333, 478.375143362, 441.960929602, 422.683823545, 395.38925509, 381.348579786, 675.969414592, 487.712925972, 414.55721849, 360.587199391, 563.566967375, 599.162811565, 536.257134905, 434.403263081, 0.0, 642.616611395, 647.00100845, 413.677829007, 677.589540899, 530.942973709, 502.52838706, 436.023439866, 476.264392543, 528.381039781, 616.631225595, 390.473069219, 485.624962082, 643.787853077, 387.11164663, 529.369973729, 393.057993129, 637.151330931, 609.283987612, 400.494743102, 615.575806165, 580.22884891, 401.263917561, 508.399028866, 392.266651033, 422.728077903, 461.639791699, 818.482338227, 399.739838315, 443.176588681, 393.048830593, 731.991606075, 352.874318865, 422.593442439, 632.389744348, 584.31568708, 368.128374887, 371.938049018, 474.182355255, 458.196334909, 369.069776828, 454.463866054, 742.915209966, 348.681429764, 514.578378651, 617.621890253, 530.51478308, 428.868055656, 604.164913565, 626.999896793
660.483761711, 526.31174523, 206.141008528, 332.036375288, 477.065049304, 546.060023382, 565.66353409, 324.509065137, 645.957529619, 552.109707025, 631.175758222, 603.956006193, 169.835875011, 626.034411113, 532.396738985, 541.094745779, 594.522272976, 205.90461781, 598.342016171, 638.490366346, 642.616611395, 0.0, 542.006073565, 606.289744345, 179.284979666, 398.549106693, 294.997193323, 510.154272977, 380.216628377, 615.601837238, 562.430080864, 445.261015605, 633.197733327, 564.914092307, 640.562034542, 592.908795479, 545.130882093, 542.291862675, 186.740075778, 400.557543404, 558.017699687, 213.344224577, 615.996870876, 545.122735611, 606.240663954, 379.520550662, 653.852840944, 416.099204264, 617.432252268, 367.965924605, 419.239044995, 204.430874549, 606.621226177, 384.113901262, 552.727938372, 588.417155465, 555.043753504, 553.081871452, 626.8030723, 387.242047333, 607.419801822, 621.743866417, 231.850664652, 550.630854424, 613.30852997, 571.53544667, 598.503682671, 622.09786924, 551.777685352, 549.378817487
636.442047035, 638.088613491, 521.654160731, 508.959784671, 544.18210112, 571.037818783, 566.401040847, 502.085393715, 612.647111883, 573.772784265, 633.958633789, 613.678848704, 554.361490259, 600.13554093, 580.061350316, 568.171184097, 648.140855329, 516.984958927, 575.666384687, 645.195874314, 647.00100845, 542.006073565, 0.0, 614.84912281, 546.426425051, 501.393981587, 502.559833464, 535.887582239, 526.556326662, 546.07849843, 643.229984242, 527.336340297, 653.43976702, 531.57964346, 623.214397008, 628.151336201, 574.342458293, 667.675960093, 527.935177051, 521.664916556, 639.515698062, 514.17142742, 601.247101649, 577.445764371, 592.616676663, 516.862581165, 637.168288936, 683.480419325, 620.59558607, 501.12614937, 523.31944441, 576.782821282, 606.228003571, 510.028051539, 644.42818228, 622.246699525, 585.485690633, 585.908472438, 646.783271586, 504.709256496, 613.873038727, 628.891862705, 579.979816747, 571.374891501, 628.232534639, 649.789047926, 632.756494514, 631.402682763, 652.909112389, 673.415342883
407.202185573, 529.430146548, 565.850798387, 519.54429394, 426.460297567, 373.260247546, 404.704249251, 467.881655822, 470.93765884, 411.238767507, 407.786319875, 413.302977623, 634.760404766, 488.289506194, 409.721919391, 393.783685733, 531.384644528, 571.087724069, 559.782608575, 416.068029125, 413.677829007, 606.289744345, 614.84912281, 0.0, 633.45482211, 512.321796626, 491.111195987, 424.154625735, 471.500930151, 529.285713331, 569.077134999, 400.057458705, 473.861579803, 619.113010963, 422.873446401, 505.626998667, 407.73038084, 601.909052413, 569.891706805, 425.070237763, 606.027034371, 549.915256705, 403.409452037, 493.775976962, 419.407770424, 426.069870269, 485.732548315, 769.331563494, 412.483300819, 433.62575814, 395.796301291, 683.803544811, 413.999088144, 415.588379688, 588.914688399, 561.209213069, 401.251639967, 399.332956155, 458.107919045, 451.356828261, 393.261979942, 433.734930561, 690.368356957, 369.11368133, 467.800087398, 611.216139576, 476.206839909, 415.329023036, 563.83840202, 583.105456692
689.915524879, 550.791403261, 207.881485157, 345.584709416, 504.585987581, 578.21211715, 599.163633299, 354.052338038, 675.074567688, 578.468559585, 658.488152063, 641.270010397, 162.233239896, 650.420978655, 560.274898923, 574.428234363, 618.700550642, 216.534888832, 614.452503521, 666.15791849, 677.589540899, 179.284979666, 546.426425051, 633.45482211, 0.0, 419.894547234, 326.763740233, 538.616573639, 409.740898274, 632.405599992, 566.591315829, 477.883285246, 655.56822648, 569.855968903, 672.590147888, 609.478097928, 575.258482609, 549.18280275, 204.643856737, 435.872924602, 563.621891172, 230.081778568, 643.50361424, 570.193453683, 632.002994814, 408.938791953, 682.214340002, 399.410487796, 649.237162655, 397.634268524, 449.496394761, 166.515971088, 641.461665183, 410.813620102, 557.121577567, 605.206571862, 593.915915766, 584.527882861, 649.197354321, 413.240441707, 638.023071601, 644.483981213, 200.812133085, 581.736748023, 630.878846112, 584.962682909, 616.262727134, 650.774795718, 570.658220556, 561.567007994
554.671723277, 512.493478799, 376.374415823, 375.927330568, 423.737183456, 454.561540507, 452.517528099, 366.01735879, 519.157098995, 460.884238999, 517.465673908, 500.839455555, 419.286829859, 516.12017597, 450.911838299, 446.346697602, 548.063152092, 381.268799825, 498.901417731, 542.298109335, 530.942973709, 398.549106693, 501.393981587, 512.321796626, 419.894547234, 0.0, 354.611473961, 426.681824913, 368.376423177, 493.836613646, 554.764971545, 393.469452253, 552.551965571, 506.452359699, 515.557196721, 542.789967988, 466.595134235, 569.937086394, 375.888598937, 368.549089574, 567.503108987, 368.759478455, 505.418661473, 468.079822313, 491.34595153, 372.654458314, 550.95698764, 587.731776548, 506.65606977, 363.669539173, 382.212478171, 456.289582994, 496.015599129, 374.884007448, 559.790752878, 539.271663655, 462.588694391, 460.840323778, 551.757083929, 370.038713286, 509.541653708, 537.405925482, 464.808768572, 452.759086759, 539.571766193, 565.050383968, 534.838478554, 529.549815058, 550.822824203, 574.578015387
530.091228581, 470.651494231, 272.852465975, 318.009319818, 368.613171597, 410.026980681, 429.741306186, 264.931159736, 505.719411758, 439.294163525, 502.048650465, 472.400049549, 318.163677445, 512.969266672, 424.076051413, 397.778054095, 525.244650415, 276.650833272, 514.988478383, 527.908106046, 502.52838706, 294.997193323, 502.559833464, 491.111195987, 326.763740233, 354.611473961, 0.0, 395.696330712, 309.432973114, 517.424861112, 536.063848775, 332.69742206, 532.521689405, 524.699207816, 495.861431451, 532.043710689, 421.486606352, 532.028283296, 267.523723725, 270.075224174, 541.135165299, 256.79327908, 484.727225276, 451.705847872, 459.101682268, 286.206955397, 533.407666818, 530.499992553, 488.291450864, 266.759630098, 314.845399964, 372.428618894, 464.862328684, 297.238461207, 535.966231836, 518.661796441, 423.221206465, 427.661376865, 524.496829766, 305.966048304, 472.460744307, 510.739019048, 395.072121682, 414.595775465, 533.790356192, 523.512795463, 527.899099741, 513.152211307, 522.731449656, 530.553174174
429.051360774, 504.145614132, 464.161140194, 439.491334349, 370.949244687, 377.106742418, 350.114053062, 371.506500856, 428.464348455, 398.073316444, 447.753572797, 416.308941119, 540.670625859, 469.670870647, 391.757815641, 375.539306927, 519.145457092, 467.084744804, 503.577052635, 464.289841893, 436.023439866, 510.154272977, 535.887582239, 424.154625735, 538.616573639, 426.681824913, 395.696330712, 0.0, 379.447199089, 478.066832899, 566.643329457, 346.676505863, 496.853420887, 558.040314552, 412.822514097, 522.468636664, 395.977977344, 584.914598327, 472.165313949, 346.312681233, 584.748413183, 460.017242969, 407.856059883, 441.369178102, 386.655905742, 362.145010184, 458.377770036, 691.366394832, 403.240186078, 350.127057234, 353.576504592, 587.796869149, 394.31294209, 360.821896179, 576.951418365, 530.049628486, 359.884736023, 383.360241193, 470.272624897, 365.882546535, 412.543748904, 461.230464973, 595.115681572, 355.458273045, 493.024389216, 565.327451886, 484.239210661, 445.299323871, 567.759302979, 573.677420796
503.228064171, 480.596484273, 340.406007763, 355.7271689, 351.487619055, 402.467662917, 407.634468905, 302.921039302, 479.396444349, 420.321608577, 470.153750577, 445.504262028, 404.117234096, 476.545792855, 405.7463068, 396.36911382, 530.848604882, 347.85676989, 494.579275879, 506.21481516, 476.264392543, 380.216628377, 526.556326662, 471.500930151, 409.740898274, 368.376423177, 309.432973114, 379.447199089, 0.0, 501.157174896, 538.065986261, 322.413930375, 512.444374084, 527.163178468, 450.118460388, 516.551627336, 412.739253229, 551.329358498, 347.742720267, 296.977190962, 549.49501572, 334.560885762, 460.882490498, 427.176962691, 426.556692895, 299.634385785, 507.92531704, 584.225485252, 455.919457679, 296.396896692, 321.878612482, 451.98803696, 426.526188749, 310.483041376, 539.389706517, 510.544118406, 388.759699362, 414.776505144, 505.466284612, 313.950530593, 448.121321587, 491.951898334, 465.678901324, 388.296912717, 522.886600764, 521.416302413, 521.323556598, 487.458684862, 535.32439476, 545.13680069
540.150630539, 610.184053855, 572.828107188, 526.785091826, 485.684662424, 471.230862625, 462.080493397, 496.726892366, 508.204049132, 498.575481893, 522.854375376, 509.500760823, 636.912988832, 533.487556818, 505.891905674, 472.854596522, 608.863080422, 568.966969564, 537.08077709, 555.434234354, 528.381039781, 615.601837238, 546.07849843, 529.285713331, 632.405599992, 493.836613646, 517.424861112, 478.066832899, 501.157174896, 0.0, 632.742574751, 476.298072599, 558.720455036, 568.926999077, 504.662536569, 586.657277921, 500.393343385, 671.757799103, 589.134186703, 473.54235157, 651.301605776, 568.112815036, 504.016629062, 512.539414409, 490.881822364, 483.045703663, 530.347688163, 766.529489926, 509.275479239, 483.254902053, 464.82564517, 681.157613033, 483.143805212, 479.554835391, 664.397017856, 596.206217105, 491.274544023, 501.113669222, 570.77006133, 475.53083922, 503.245658314, 557.366072829, 680.882733976, 474.284426763, 574.943896624, 612.818764376, 584.90172426, 546.794936674, 637.38280945, 669.754084067
606.59565987, 602.83891395, 555.481439979, 530.023787147, 547.584604507, 561.790246842, 577.07763768, 536.968139732, 652.931491142, 557.143939674, 573.809399523, 614.15444917, 568.933178742, 616.73054512, 546.963267911, 568.357236632, 602.981345612, 551.62395473, 646.98898678, 583.769378901, 616.631225595, 562.430080864, 643.229984242, 569.077134999, 566.591315829, 554.764971545, 536.063848775, 566.643329457, 538.065986261, 632.742574751, 0.0, 537.66387675, 604.620783943, 668.581182388, 639.691952697, 547.865424615, 574.378068954, 557.251719363, 542.298982689, 537.031273936, 565.909683953, 545.330813284, 599.75253411, 598.023973292, 609.630301827, 534.522852748, 643.866607217, 675.904517072, 616.054645552, 529.735109977, 527.877267855, 591.077721342, 613.346116956, 513.20340272, 555.412863701, 650.345035565, 594.93233273, 569.613358752, 572.603912359, 523.3135345, 586.055306818, 569.188468686, 597.503185247, 558.116909803, 589.643910314, 631.85977887, 582.193216163, 605.772089389, 586.357574249, 596.258737531
423.782704656, 468.364299949, 396.731268745, 396.686925892, 315.936589463, 319.109993583, 346.637343026, 305.236916, 425.25873899, 360.891130397, 397.205699777, 356.419135157, 480.16222901, 445.016981528, 337.713042515, 314.80173714, 503.029988887, 399.775452006, 487.387713729, 428.798374081, 390.473069219, 445.261015605, 527.336340297, 400.057458705, 477.883285246, 393.469452253, 332.69742206, 346.676505863, 322.413930375, 476.298072599, 537.66387675, 0.0, 458.989564642, 525.742208642, 383.536381233, 478.668613041, 345.914005864, 553.504659938, 409.431226754, 280.175323244, 546.940544424, 383.055264418, 383.634002324, 425.17270995, 358.224962211, 261.911406303, 453.139119278, 650.713658669, 381.569109047, 281.775505448, 271.218261026, 530.739968402, 335.747679356, 252.872601301, 546.798979866, 510.701706087, 317.759194327, 343.735443535, 442.097113904, 310.475608637, 362.406998895, 429.495582134, 538.446954034, 303.184241398, 481.261092425, 539.212878833, 477.236977787, 424.537539578, 533.486366567, 547.165915635
487.449068705, 568.08064261, 594.837506038, 565.393888191, 483.340282186, 459.293198151, 471.931694246, 512.307903858, 539.407626272, 489.135513191, 468.574923214, 468.760389148, 654.800189707, 558.586876317, 470.107937894, 459.105504576, 565.75583071, 598.469379867, 612.949988679, 491.448073863, 485.624962082, 633.197733327, 653.43976702, 473.861579803, 655.56822648, 552.551965571, 532.521689405, 496.853420887, 512.444374084, 558.720455036, 604.620783943, 458.989564642, 0.0, 670.659562119, 483.763435634, 572.251989599, 462.460773428, 631.695003694, 604.900755547, 476.11291081, 645.345616805, 589.26181345, 496.160822263, 523.791174736, 469.989093646, 488.369415507, 545.877037482, 770.629212226, 481.654568398, 490.634319874, 466.246490287, 702.807290697, 475.450793314, 478.396528252, 627.695300171, 575.413901566, 467.292396104, 485.837328276, 497.631394457, 497.799181791, 456.880931426, 497.523799127, 699.401616558, 446.38740552, 529.514012485, 611.232834937, 551.200389467, 511.679310032, 577.494968983, 613.6045048
650.991605248, 651.296104542, 538.233830108, 542.449056009, 546.777409773, 572.210072026, 575.153182719, 515.2348362, 596.520139784, 577.05211837, 626.969526516, 617.884396841, 576.271845197, 597.645240305, 577.476685764, 569.59979987, 683.088701947, 542.398377815, 590.79174243, 649.961044884, 643.787853077, 564.914092307, 531.57964346, 619.113010963, 569.855968903, 506.452359699, 524.699207816, 558.040314552, 527.163178468, 568.926999077, 668.581182388, 525.742208642, 670.659562119, 0.0, 612.81261385, 640.958459886, 583.464359458, 687.255249238, 546.180651553, 529.800659592, 654.456457062, 537.409990512, 612.993940038, 577.145340235, 587.933715809, 521.406723852, 630.326207108, 710.328306419, 609.903975769, 509.740097625, 530.253737277, 603.333292684, 603.325942674, 514.461429809, 666.868181487, 634.524783534, 580.793897854, 579.932028963, 660.283476524, 523.759096037, 617.754851917, 642.170054532, 612.701831987, 566.973146704, 641.286261503, 660.788686518, 649.491089965, 640.780634391, 681.137467194, 701.783955206
413.464504088, 557.44235316, 587.873129024, 539.131216387, 390.636634105, 354.756645305, 375.676048404, 463.470612274, 418.556501808, 399.472801457, 402.884410954, 382.774840893, 670.81435286, 444.93702628, 385.941817282, 339.436767529, 568.748950523, 593.240487877, 534.134572559, 457.130672621, 387.11164663, 640.562034542, 623.214397008, 422.873446401, 672.590147888, 515.557196721, 495.861431451, 412.822514097, 450.118460388, 504.662536569, 639.691952697, 383.536381233, 483.763435634, 612.81261385, 0.0, 548.76035353, 389.542209929, 664.008819446, 604.753884052, 395.731012219, 646.052638755, 571.98495349, 401.600467953, 468.07600427, 339.795248813, 420.891338659, 425.534617916, 813.629308342, 374.98747943, 429.115904395, 382.381045916, 729.39184043, 330.166577189, 421.425750116, 655.8292975, 557.936829142, 351.550790313, 378.421200375, 484.49821416, 436.347302174, 356.385960676, 446.640843512, 736.489416301, 337.950924757, 523.803218746, 611.147063938, 539.793261886, 446.05660354, 620.350894995, 652.564603467
546.727587536, 560.444006118, 570.720842882, 536.549144179, 497.638794714, 477.568051799, 517.336819532, 513.163498285, 563.544788711, 514.604373308, 506.790066749, 510.322642693, 610.647737982, 565.539721541, 492.790878386, 495.114266356, 591.760956148, 569.990793128, 609.17048844, 509.612163759, 529.369973729, 592.908795479, 628.151336201, 505.626998667, 609.478097928, 542.789967988, 532.043710689, 522.468636664, 516.551627336, 586.657277921, 547.865424615, 478.668613041, 572.251989599, 640.958459886, 548.76035353, 0.0, 487.926853038, 589.423970901, 570.760702692, 497.0851024, 569.504466562, 563.547661114, 521.274855123, 580.330293053, 546.382927061, 496.107285827, 573.326706938, 740.373425901, 522.99344175, 494.178489608, 486.767290134, 647.288042287, 515.364992995, 479.930911613, 570.266679129, 638.46647503, 509.17420079, 495.049710777, 529.387551828, 497.021573139, 492.500113279, 515.609634506, 660.245781301, 485.825348407, 559.879080301, 632.950269869, 565.664526825, 524.115702327, 582.858576757, 611.42405857
424.28707691, 512.435050736, 498.368006135, 474.057604357, 371.357409585, 344.72521253, 370.135971518, 395.928843197, 447.609545356, 382.910918933, 399.33124595, 367.404933209, 571.956301583, 468.439701449, 365.788523253, 347.66839977, 529.217628129, 500.194084676, 533.428528019, 429.676868577, 393.057993129, 545.130882093, 574.342458293, 407.73038084, 575.258482609, 466.595134235, 421.486606352, 395.977977344, 412.739253229, 500.393343385, 574.378068954, 345.914005864, 462.460773428, 583.464359458, 389.542209929, 487.926853038, 0.0, 588.085719211, 513.263314908, 342.084414736, 585.128869741, 485.699703881, 401.460889651, 454.490767368, 371.72693351, 350.74739015, 456.339787216, 731.542122981, 383.931375866, 360.924952418, 352.268232076, 628.974899091, 366.032415904, 364.803046096, 588.545411776, 546.014726095, 340.053425577, 366.679361869, 458.275863158, 387.910088814, 372.610924114, 433.813580121, 637.72492505, 314.401961112, 504.296518065, 581.847802674, 495.832810566, 441.832337647, 552.238867741, 581.407565601
649.662272299, 588.579197218, 539.829004994, 529.272712253, 579.745710214, 589.05659631, 609.433601473, 538.018448595, 677.746486453, 593.629992593, 630.13076673, 638.924888715, 548.403762948, 664.778472572, 589.137051219, 597.401055532, 598.745836888, 533.72058915, 675.520933191, 615.256939718, 637.151330931, 542.291862675, 667.675960093, 601.909052413, 549.18280275, 569.937086394, 532.028283296, 584.914598327, 551.329358498, 671.757799103, 557.251719363, 553.504659938, 631.695003694, 687.255249238, 664.008819446, 589.423970901, 588.085719211, 0.0, 527.842368015, 562.189931689, 602.300311368, 533.793311808, 632.732850054, 633.305226824, 645.233337649, 544.653320955, 673.510296228, 634.503063912, 648.032854399, 537.584596319, 557.858898368, 562.894827005, 644.567161947, 527.596629633, 576.359916713, 645.846433817, 610.518328163, 589.885473523, 587.865126265, 541.536289068, 625.81203129, 590.070908338, 575.429802811, 595.412033632, 612.267314555, 644.839160006, 593.476432652, 627.897915435, 539.975923735, 485.120013488
625.310976008, 513.852646387, 208.764836114, 311.107810589, 444.373479013, 513.067527303, 527.797172191, 302.452723519, 613.265200709, 517.511030368, 594.225151796, 572.70107281, 198.416217239, 597.574531615, 503.140027741, 506.353327877, 578.411421238, 207.256653755, 576.471007085, 607.002752525, 609.283987612, 186.740075778, 527.935177051, 569.891706805, 204.643856737, 375.888598937, 267.523723725, 472.165313949, 347.742720267, 589.134186703, 542.298982689, 409.431226754, 604.900755547, 546.180651553, 604.753884052, 570.760702692, 513.263314908, 527.842368015, 0.0, 364.585976002, 539.687823582, 205.566718256, 580.02760935, 517.510197023, 565.751423303, 350.376146944, 627.309405589, 434.645022364, 586.294328477, 337.039898963, 385.060734272, 228.944778887, 575.961472657, 346.594323909, 532.937043625, 569.909109031, 522.185716913, 518.110119769, 594.682686437, 357.997887542, 573.496678051, 583.864307966, 256.188542008, 512.507694419, 588.107507461, 561.338073759, 573.553399183, 591.723509795, 542.503054453, 536.778367955
442.638218635, 458.803742559, 359.982174652, 359.742378943, 326.920446965, 336.655259054, 349.863280125, 281.760465288, 432.022270102, 378.306852408, 419.979358287, 388.194078991, 432.861739657, 451.194453555, 362.474859011, 325.033356143, 508.467127082, 361.647611216, 484.768344341, 464.137475907, 400.494743102, 400.557543404, 521.664916556, 425.070237763, 435.872924602, 368.549089574, 270.075224174, 346.312681233, 296.977190962, 473.54235157, 537.031273936, 280.175323244, 476.11291081, 529.800659592, 395.731012219, 497.0851024, 342.084414736, 562.189931689, 364.585976002, 0.0, 540.034367748, 341.650651381, 403.342701545, 412.064919648, 365.482694488, 254.497293583, 449.696381291, 624.544684527, 395.847870241, 264.939727189, 265.721492038, 493.814270266, 366.039298913, 273.499824027, 549.10767339, 510.582848277, 314.976279087, 351.174763015, 473.667451977, 292.104788827, 382.338449644, 450.570965029, 507.957096646, 328.19247362, 494.036322429, 525.25639192, 506.678671249, 452.078188434, 526.401026044, 552.262280233
629.263978052, 610.086784714, 552.722372458, 537.948950718, 553.56678744, 567.879743626, 602.91085993, 535.388794757, 641.556907007, 563.930985261, 614.657782457, 618.75187656, 566.19607229, 629.538742013, 560.922691873, 577.043363537, 657.332171481, 547.787231722, 630.195064086, 624.374051129, 615.575806165, 558.017699687, 639.515698062, 606.027034371, 563.621891172, 567.503108987, 541.135165299, 584.748413183, 549.49501572, 651.301605776, 565.909683953, 546.940544424, 645.345616805, 654.456457062, 646.052638755, 569.504466562, 585.128869741, 602.300311368, 539.687823582, 540.034367748, 0.0, 546.65408929, 623.289292218, 630.921250867, 626.119561717, 538.782359797, 657.527033504, 696.505181345, 638.101039209, 538.866164121, 535.840700185, 586.126244791, 625.924604531, 523.791518733, 584.697855472, 693.953191184, 602.530688522, 572.268255045, 613.776362515, 538.277417031, 605.974268855, 595.634497981, 600.644478231, 579.000135372, 618.056617887, 647.624015142, 634.977122609, 632.655689516, 638.92748538, 622.713922809
601.681428262, 496.91317102, 209.49877256, 307.716330635, 417.050498916, 484.967298516, 507.598141874, 283.725091906, 584.91006235, 500.661673545, 574.049397405, 548.774820048, 227.749630332, 569.403264936, 484.744591488, 476.399687962, 565.308720694, 213.044606268, 557.073612683, 591.657282784, 580.22884891, 213.344224577, 514.17142742, 549.915256705, 230.081778568, 368.759478455, 256.79327908, 460.017242969, 334.560885762, 568.112815036, 545.330813284, 383.055264418, 589.26181345, 537.409990512, 571.98495349, 563.547661114, 485.699703881, 533.793311808, 205.566718256, 341.650651381, 546.65408929, 0.0, 556.021294089, 502.90834238, 540.430276911, 313.163036199, 601.408217651, 456.921043801, 554.542466911, 309.281853138, 357.881031007, 264.683928791, 547.633610243, 326.643094888, 538.245726658, 551.556055972, 497.609460055, 491.918679015, 577.326901682, 337.42374035, 550.790157481, 572.162826779, 287.834387913, 486.81052464, 575.558242945, 546.358409427, 562.310248064, 574.455347392, 540.218997178, 539.085341564
395.769989056, 542.038781982, 566.06368629, 521.616167035, 428.117366805, 371.357056077, 381.719203699, 451.969068649, 442.13956211, 414.666621334, 418.057733367, 400.389362798, 642.875409699, 472.227259691, 408.912318938, 373.192045451, 551.17226007, 567.286123966, 549.534775872, 426.521257747, 401.263917561, 615.996870876, 601.247101649, 403.409452037, 643.50361424, 505.418661473, 484.727225276, 407.856059883, 460.882490498, 504.016629062, 599.75253411, 383.634002324, 496.160822263, 612.993940038, 401.600467953, 521.274855123, 401.460889651, 632.732850054, 580.02760935, 403.342701545, 623.289292218, 556.021294089, 0.0, 492.86328613, 404.899347062, 415.62189413, 451.811865167, 790.19584535, 401.572590277, 422.661051059, 390.897645609, 696.525141857, 373.353373611, 410.619168345, 617.699012105, 580.248035119, 384.862447278, 386.44554196, 476.947045574, 450.471294755, 371.63365443, 432.17426445, 706.17464723, 366.702063174, 511.353380904, 615.153619781, 519.509433715, 436.24529797, 579.84002938, 612.119027232
518.961231, 558.106259865, 508.571028826, 487.794238234, 439.664754545, 461.744273636, 447.304175366, 449.002032847, 526.479768378, 471.628470979, 503.444274987, 475.791285227, 569.494650549, 507.694724821, 445.748135751, 450.034357505, 562.424638985, 506.765895836, 551.596994186, 531.299412211, 508.399028866, 545.122735611, 577.445764371, 493.775976962, 570.193453683, 468.079822313, 451.705847872, 441.369178102, 427.176962691, 512.539414409, 598.023973292, 425.17270995, 523.791174736, 577.145340235, 468.07600427, 580.330293053, 454.490767368, 633.305226824, 517.510197023, 412.064919648, 630.921250867, 502.90834238, 492.86328613, 0.0, 442.146891119, 427.198504052, 529.586734384, 696.216449498, 484.181877498, 427.895066304, 419.73392332, 614.610894648, 460.598863417, 437.237429821, 624.652297365, 490.04370083, 453.172091665, 460.555261319, 538.407814758, 433.166833321, 487.727479758, 516.063359071, 616.088537824, 433.421942747, 543.801447218, 568.06731517, 557.143913869, 530.993585967, 587.239452734, 622.498049418
423.333431506, 544.637076011, 551.313840119, 516.471810891, 392.191037572, 362.991566658, 353.423136628, 440.997165378, 414.704288373, 400.525513072, 400.215704542, 367.731358321, 633.243288677, 445.128186666, 377.832189771, 356.948555254, 556.994576172, 554.897663193, 522.982615779, 460.430439274, 392.266651033, 606.240663954, 592.616676663, 419.407770424, 632.002994814, 491.34595153, 459.101682268, 386.655905742, 426.556692895, 490.881822364, 609.630301827, 358.224962211, 469.989093646, 587.933715809, 339.795248813, 546.382927061, 371.72693351, 645.233337649, 565.751423303, 365.482694488, 626.119561717, 540.430276911, 404.899347062, 442.146891119, 0.0, 391.599910985, 429.598442602, 782.216041443, 386.414611324, 403.48508562, 371.347702469, 691.215174727, 339.170030986, 391.409900816, 630.268598163, 528.262040326, 334.086859041, 385.553537721, 462.698415156, 402.37313961, 381.151068334, 461.878823816, 694.233632989, 333.846111225, 516.652728812, 586.292369195, 523.992265793, 444.632880284, 606.31055961, 634.118531059
465.261676074, 460.976445415, 320.848342623, 356.700147616, 312.834390426, 341.699376602, 365.166580253, 268.278462246, 461.371662402, 367.347822945, 431.293063194, 397.417343336, 408.816503221, 469.822290673, 352.377870742, 344.131738681, 514.970819766, 339.216139413, 493.994566661, 466.609175991, 422.728077903, 379.520550662, 516.862581165, 426.069870269, 408.938791953, 372.654458314, 286.206955397, 362.145010184, 299.634385785, 483.045703663, 534.522852748, 261.911406303, 488.369415507, 521.406723852, 420.891338659, 496.107285827, 350.74739015, 544.653320955, 350.376146944, 254.497293583, 538.782359797, 313.163036199, 415.62189413, 427.198504052, 391.599910985, 0.0, 483.648626983, 601.764622411, 405.002713601, 247.354130118, 248.258150136, 465.230450192, 392.31584378, 246.741197653, 545.032513877, 510.257511779, 339.264896146, 370.475752059, 480.722582054, 290.684056388, 403.129238661, 460.519959128, 477.553580614, 327.741800054, 498.591008336, 533.623445636, 495.380092422, 450.408800194, 521.42900808, 544.947513355
486.531957145, 572.374639264, 607.537578688, 559.015406619, 462.952821979, 436.140412011, 431.220025341, 512.187856885, 454.354215039, 479.965557709, 494.260473373, 469.332523747, 682.562681055, 499.524215819, 473.940323663, 437.353402707, 590.41604182, 613.605718515, 548.895214239, 516.984702897, 461.639791699, 653.852840944, 637.168288936, 485.732548315, 682.214340002, 550.95698764, 533.407666818, 458.377770036, 507.92531704, 530.347688163, 643.866607217, 453.139119278, 545.877037482, 630.326207108, 425.534617916, 573.326706938, 456.339787216, 673.510296228, 627.309405589, 449.696381291, 657.527033504, 601.408217651, 451.811865167, 529.586734384, 429.598442602, 483.648626983, 0.0, 816.788521304, 449.661800392, 482.704110149, 461.726785969, 731.930788554, 427.323844316, 490.869675598, 674.408907143, 605.240678498, 427.518262022, 462.657575234, 524.655513365, 479.792899667, 436.802823686, 518.827251395, 741.240527543, 434.243927337, 566.055870127, 630.762702144, 573.639878027, 515.004847204, 639.840210621, 662.834844889
826.809178033, 666.033775998, 448.929830122, 518.571287738, 667.896708523, 743.27960991, 745.206079103, 553.153510495, 822.058625128, 731.999135394, 798.02981348, 780.658984427, 403.094908283, 782.195091021, 713.892710392, 737.017807571, 708.703465432, 441.904113649, 759.058164222, 798.767312761, 818.482338227, 416.099204264, 683.480419325, 769.331563494, 399.410487796, 587.731776548, 530.499992553, 691.366394832, 584.225485252, 766.529489926, 675.904517072, 650.713658669, 770.629212226, 710.328306419, 813.629308342, 740.373425901, 731.542122981, 634.503063912, 434.645022364, 624.544684527, 696.505181345, 456.921043801, 790.19584535, 696.216449498, 782.216041443, 601.764622411, 816.788521304, 0.0, 797.49135721, 590.991542698, 637.055414021, 378.080738298, 796.460846344, 597.533570298, 666.790625431, 693.628418204, 753.501270352, 735.179079475, 763.907257261, 596.389207076, 789.842823303, 777.08234248, 390.014606121, 742.12755994, 749.617389272, 663.885815672, 722.209919856, 783.315085957, 650.360084201, 644.078022314
412.579535934, 538.17217328, 561.647472048, 527.235005918, 406.851851812, 352.446500167, 381.81210597, 451.161643365, 425.804603908, 412.958217826, 405.864665849, 361.826824315, 651.228960647, 450.424518845, 395.53523976, 348.452237251, 546.581597284, 570.789248382, 536.175465915, 429.217165033, 399.739838315, 617.432252268, 620.59558607, 412.483300819, 649.237162655, 506.65606977, 488.291450864, 403.240186078, 455.919457679, 509.275479239, 616.054645552, 381.569109047, 481.654568398, 609.903975769, 374.98747943, 522.99344175, 383.931375866, 648.032854399, 586.294328477, 395.847870241, 638.101039209, 554.542466911, 401.572590277, 484.181877498, 386.414611324, 405.002713601, 449.661800392, 797.49135721, 0.0, 407.30271746, 392.317163488, 709.242250322, 325.324558346, 422.520292175, 628.36964416, 542.693657447, 314.177166475, 382.387052689, 475.62351508, 429.637183835, 366.341004355, 448.323194566, 717.65693719, 338.581237731, 504.413695262, 607.261730509, 521.506195743, 434.806704062, 603.059296264, 636.434723633
462.397670496, 464.583521077, 321.783769135, 349.365710242, 319.948260662, 338.894057185, 372.394737113, 258.440980817, 450.729170795, 389.506390185, 431.570278251, 405.645793593, 395.669989817, 460.786319594, 368.62718005, 331.481742963, 513.488703498, 333.152533258, 485.083146802, 474.983889687, 443.176588681, 367.965924605, 501.12614937, 433.62575814, 397.634268524, 363.669539173, 266.759630098, 350.127057234, 296.396896692, 483.254902053, 529.735109977, 281.775505448, 490.634319874, 509.740097625, 429.115904395, 494.178489608, 360.924952418, 537.584596319, 337.039898963, 264.939727189, 538.866164121, 309.281853138, 422.661051059, 427.895066304, 403.48508562, 247.354130118, 482.704110149, 590.991542698, 407.30271746, 0.0, 279.477111896, 453.843709983, 393.17307421, 266.490843388, 540.900265362, 508.295757699, 345.884142469, 353.529879422, 483.595088956, 282.066541767, 403.139553952, 466.337040566, 467.482859288, 329.916982859, 491.816950287, 528.330696726, 500.234950432, 461.15587047, 518.630404303, 540.66710802
430.050311271, 471.462297733, 371.440841016, 368.769130183, 321.169795811, 312.037119636, 341.793262982, 293.668924538, 434.711734912, 353.354431154, 393.629526784, 384.447215952, 449.35360649, 442.452074518, 343.364157968, 305.771715195, 507.307451232, 377.373684598, 486.716284505, 439.727203584, 393.048830593, 419.239044995, 523.31944441, 395.796301291, 449.496394761, 382.212478171, 314.845399964, 353.576504592, 321.878612482, 464.82564517, 527.877267855, 271.218261026, 466.246490287, 530.253737277, 382.381045916, 486.767290134, 352.268232076, 557.858898368, 385.060734272, 265.721492038, 535.840700185, 357.881031007, 390.897645609, 419.73392332, 371.347702469, 248.258150136, 461.726785969, 637.055414021, 392.317163488, 279.477111896, 0.0, 506.833659343, 359.789605476, 257.392915701, 543.877587561, 515.954267979, 335.290532888, 356.27004906, 467.338026619, 295.737373379, 362.873809694, 430.706065237, 519.963959109, 305.446878006, 480.475619262, 537.441035165, 492.041462257, 425.938779559, 534.052748635, 550.807157727
741.101605296, 590.840507623, 254.988479082, 374.103941096, 552.386615035, 636.388534291, 651.88102135, 406.082331422, 727.429317572, 627.041614074, 712.363786008, 698.260026482, 172.237380153, 700.079809651, 611.556917035, 632.390718423, 651.91753887, 252.732657994, 656.22035455, 716.714147692, 731.991606075, 204.430874549, 576.782821282, 683.803544811, 166.515971088, 456.289582994, 372.428618894, 587.796869149, 451.98803696, 681.157613033, 591.077721342, 530.739968402, 702.807290697, 603.333292684, 729.39184043, 647.288042287, 628.974899091, 562.894827005, 228.944778887, 493.814270266, 586.126244791, 264.683928791, 696.525141857, 614.610894648, 691.215174727, 465.230450192, 731.930788554, 378.080738298, 709.242250322, 453.843709983, 506.833659343, 0.0, 703.041936888, 464.076020433, 574.67247519, 645.513071551, 652.987530322, 639.492856258, 691.877339013, 462.4730625, 694.661548567, 690.600967847, 164.999252858, 640.527783469, 673.294793109, 620.767235393, 652.912765159, 700.663441284, 593.762356262, 581.016346177
403.065361448, 523.72833876, 557.624078484, 518.373386382, 383.16765736, 333.577405165, 346.86879606, 436.242583144, 408.219446167, 403.481815172, 372.691855841, 334.608698996, 640.943054639, 434.958997833, 382.130915745, 332.132096676, 543.362232244, 556.900415439, 519.880019337, 423.689554989, 352.874318865, 606.621226177, 606.228003571, 413.999088144, 641.461665183, 496.015599129, 464.862328684, 394.31294209, 426.526188749, 483.143805212, 613.346116956, 335.747679356, 475.450793314, 603.325942674, 330.166577189, 515.364992995, 366.032415904, 644.567161947, 575.961472657, 366.039298913, 625.924604531, 547.633610243, 373.353373611, 460.598863417, 339.170030986, 392.31584378, 427.323844316, 796.460846344, 325.324558346, 393.17307421, 359.789605476, 703.041936888, 0.0, 394.07877162, 627.424812469, 549.138339493, 299.528281089, 375.207462751, 471.576848915, 402.462729026, 340.984395542, 446.022085551, 711.003214443, 319.775626405, 501.200039027, 587.152441517, 527.318077345, 419.158428513, 588.192015198, 624.767563589
459.620113537, 466.724942325, 341.801734715, 354.852108329, 322.37559647, 342.353080407, 370.437877714, 271.863698356, 465.674900394, 369.54906909, 418.608821319, 404.965776433, 413.177485949, 467.134686959, 355.872400683, 348.850892723, 516.075188423, 348.439465297, 496.776955287, 470.435854035, 422.593442439, 384.113901262, 510.028051539, 415.588379688, 410.813620102, 374.884007448, 297.238461207, 360.821896179, 310.483041376, 479.554835391, 513.20340272, 252.872601301, 478.396528252, 514.461429809, 421.425750116, 479.930911613, 364.803046096, 527.596629633, 346.594323909, 273.499824027, 523.791518733, 326.643094888, 410.619168345, 437.237429821, 391.409900816, 246.741197653, 490.869675598, 597.533570298, 422.520292175, 266.490843388, 257.392915701, 464.076020433, 394.07877162, 0.0, 529.154972206, 512.170336204, 366.697292038, 366.286586724, 474.777869851, 302.675659472, 400.073801374, 447.352079248, 471.948829644, 330.180245889, 484.687997738, 525.106141053, 486.338652135, 439.966509431, 509.543176662, 531.730755623
631.784388105, 619.552609904, 546.086545534, 536.599831758, 564.821791865, 581.416395835, 597.377304536, 534.92280609, 659.130679685, 574.751282478, 602.937290152, 624.023982577, 557.999655591, 631.440482584, 559.654418553, 582.314469639, 623.586984467, 537.330896692, 648.539903685, 604.312519511, 632.389744348, 552.727938372, 644.42818228, 588.914688399, 557.121577567, 559.790752878, 535.966231836, 576.951418365, 539.389706517, 664.397017856, 555.412863701, 546.798979866, 627.695300171, 666.868181487, 655.8292975, 570.266679129, 588.545411776, 576.359916713, 532.937043625, 549.10767339, 584.697855472, 538.245726658, 617.699012105, 624.652297365, 630.268598163, 545.032513877, 674.408907143, 666.790625431, 628.36964416, 540.900265362, 543.877587561, 574.67247519, 627.424812469, 529.154972206, 0.0, 659.572987587, 608.256504518, 587.754073417, 605.066154645, 530.786340048, 608.868640494, 570.097375353, 584.052233464, 584.666164301, 603.442367326, 666.043743545, 583.87202273, 610.084498529, 579.013518471, 590.628609798
604.979454336, 602.369714315, 561.587271274, 547.662853128, 531.049917128, 542.904077201, 544.460126213, 515.247014363, 607.316606794, 565.174866611, 578.059944244, 563.456404338, 606.976690095, 577.110075836, 546.75513327, 540.898516536, 587.303364955, 557.999858985, 606.640685726, 599.330600851, 584.31568708, 588.417155465, 622.246699525, 561.209213069, 605.206571862, 539.271663655, 518.661796441, 530.049628486, 510.544118406, 596.206217105, 650.345035565, 510.701706087, 575.413901566, 634.524783534, 557.936829142, 638.46647503, 546.014726095, 645.846433817, 569.909109031, 510.582848277, 693.953191184, 551.556055972, 580.248035119, 490.04370083, 528.262040326, 510.257511779, 605.240678498, 693.628418204, 542.693657447, 508.295757699, 515.954267979, 645.513071551, 549.138339493, 512.170336204, 659.572987587, 0.0, 536.894150575, 543.333371516, 607.284546793, 520.236107918, 573.922975509, 593.157752378, 633.747171971, 533.244142462, 582.076995881, 570.503596267, 596.507626947, 577.489177086, 622.318376944, 635.774943722
408.90845228, 501.80664053, 502.584973231, 479.694340189, 344.253319243, 317.880595145, 331.604431622, 387.298142661, 396.655203705, 372.245401169, 380.022778835, 335.101162638, 592.485317182, 448.748712994, 360.033484088, 318.213156877, 526.033905146, 504.603743998, 515.011355231, 418.565875501, 368.128374887, 555.043753504, 585.485690633, 401.251639967, 593.915915766, 462.588694391, 423.221206465, 359.884736023, 388.759699362, 491.274544023, 594.93233273, 317.759194327, 467.292396104, 580.793897854, 351.550790313, 509.17420079, 340.053425577, 610.518328163, 522.185716913, 314.976279087, 602.530688522, 497.609460055, 384.862447278, 453.172091665, 334.086859041, 339.264896146, 427.518262022, 753.501270352, 314.177166475, 345.884142469, 335.290532888, 652.987530322, 299.528281089, 366.697292038, 608.256504518, 536.894150575, 0.0, 350.321180984, 457.891841207, 371.798598339, 343.811362978, 442.952941419, 662.242003743, 296.518877804, 488.69505116, 579.142258394, 505.972820985, 416.47667346, 573.392531126, 605.043708182
408.835139813, 502.299541948, 509.7170704, 482.841998107, 350.993256411, 336.426578016, 372.945190905, 405.829113569, 423.593160607, 386.911814602, 413.934397351, 375.659452129, 583.047494118, 456.169746279, 370.178056117, 337.326331107, 537.313462413, 513.672433278, 518.419062035, 449.22148431, 371.938049018, 553.081871452, 585.908472438, 399.332956155, 584.527882861, 460.840323778, 427.661376865, 383.360241193, 414.776505144, 501.113669222, 569.613358752, 343.735443535, 485.837328276, 579.932028963, 378.421200375, 495.049710777, 366.679361869, 589.885473523, 518.110119769, 351.174763015, 572.268255045, 491.918679015, 386.44554196, 460.555261319, 385.553537721, 370.475752059, 462.657575234, 735.179079475, 382.387052689, 353.529879422, 356.27004906, 639.492856258, 375.207462751, 366.286586724, 587.754073417, 543.333371516, 350.321180984, 0.0, 468.818583615, 393.77810281, 385.645652851, 446.967380047, 650.134110458, 339.564581718, 497.72390368, 584.675750326, 513.799761144, 437.556651022, 571.462845323, 592.527615438
477.954168906, 553.956511015, 593.5435961, 549.897276304, 467.29747315, 452.432019398, 466.078417758, 505.720511529, 529.903999911, 466.619018429, 471.799155821, 458.814600303, 650.261038195, 519.824127687, 462.330640409, 452.744926378, 557.417985036, 594.163639128, 587.920581341, 467.964318418, 474.182355255, 626.8030723, 646.783271586, 458.107919045, 649.197354321, 551.757083929, 524.496829766, 470.272624897, 505.466284612, 570.77006133, 572.603912359, 442.097113904, 497.631394457, 660.283476524, 484.49821416, 529.387551828, 458.275863158, 587.865126265, 594.682686437, 473.667451977, 613.776362515, 577.326901682, 476.947045574, 538.407814758, 462.698415156, 480.722582054, 524.655513365, 763.907257261, 475.62351508, 483.595088956, 467.338026619, 691.877339013, 471.576848915, 474.777869851, 605.066154645, 607.284546793, 457.891841207, 468.818583615, 0.0, 493.8146886, 452.122190025, 459.828589233, 704.013913267, 433.279656491, 532.927508501, 625.719092151, 527.403190808, 489.123874146, 557.596076035, 587.075479152
487.586101066, 486.273661972, 350.058354974, 350.465806042, 342.371466167, 374.393393139, 371.316081213, 294.903905269, 458.468313946, 393.749597031, 454.389138832, 426.471154083, 409.137423862, 477.24585919, 374.174392563, 364.738527245, 519.948926881, 345.089285299, 474.213639992, 485.217331145, 458.196334909, 387.242047333, 504.709256496, 451.356828261, 413.240441707, 370.038713286, 305.966048304, 365.882546535, 313.950530593, 475.53083922, 523.3135345, 310.475608637, 497.799181791, 523.759096037, 436.347302174, 497.021573139, 387.910088814, 541.536289068, 357.997887542, 292.104788827, 538.277417031, 337.42374035, 450.471294755, 433.166833321, 402.37313961, 290.684056388, 479.792899667, 596.389207076, 429.637183835, 282.066541767, 295.737373379, 462.4730625, 402.462729026, 302.675659472, 530.786340048, 520.236107918, 371.798598339, 393.77810281, 493.8146886, 0.0, 424.55081365, 482.13181599, 469.884265398, 371.343195104, 510.098288202, 526.34429352, 507.206413437, 472.967802021, 529.567336364, 545.429811037
387.307495082, 525.264519459, 560.894059302, 508.383767854, 379.563687902, 317.512769761, 368.896402974, 438.81960485, 418.114668828, 375.160492244, 360.698981006, 366.015437859, 637.343671345, 468.611319485, 369.673139226, 319.721544105, 554.00323661, 561.687961386, 517.040069222, 405.67670634, 369.069776828, 607.419801822, 613.873038727, 393.261979942, 638.023071601, 509.541653708, 472.460744307, 412.543748904, 448.121321587, 503.245658314, 586.055306818, 362.406998895, 456.880931426, 617.754851917, 356.385960676, 492.500113279, 372.610924114, 625.81203129, 573.496678051, 382.338449644, 605.974268855, 550.790157481, 371.63365443, 487.727479758, 381.151068334, 403.129238661, 436.802823686, 789.842823303, 366.341004355, 403.139553952, 362.873809694, 694.661548567, 340.984395542, 400.073801374, 608.868640494, 573.922975509, 343.811362978, 385.645652851, 452.122190025, 424.55081365, 0.0, 384.608826751, 705.357295718, 317.847861968, 492.259251108, 614.468934177, 520.814312955, 417.095606554, 580.975929069, 621.023155239
429.008981161, 571.027935851, 584.447500279, 531.2147396, 451.43288964, 399.614665844, 443.607658928, 489.52566229, 504.073288324, 421.736552097, 421.078633951, 442.533207365, 645.467633788, 499.446913653, 412.482517006, 399.344372194, 562.839647816, 581.261435896, 565.586482148, 438.532131373, 454.463866054, 621.743866417, 628.891862705, 433.734930561, 644.483981213, 537.405925482, 510.739019048, 461.230464973, 491.951898334, 557.366072829, 569.188468686, 429.495582134, 497.523799127, 642.170054532, 446.640843512, 515.609634506, 433.813580121, 590.070908338, 583.864307966, 450.570965029, 595.634497981, 572.162826779, 432.17426445, 516.063359071, 461.878823816, 460.519959128, 518.827251395, 777.08234248, 448.323194566, 466.337040566, 430.706065237, 690.600967847, 446.022085551, 447.352079248, 570.097375353, 593.157752378, 442.952941419, 446.967380047, 459.828589233, 482.13181599, 384.608826751, 0.0, 701.720701536, 390.841762747, 499.844157859, 634.657210912, 508.9062844, 460.670004999, 572.752987361, 600.306502346
750.882193228, 598.651780172, 276.639496359, 388.97798155, 564.129929088, 648.182921993, 655.644090137, 416.539313028, 739.031396208, 636.386305784, 722.093495519, 703.216743979, 203.490285974, 706.098966595, 618.085381344, 643.995229634, 656.447233007, 269.345015882, 663.874625865, 722.459556282, 742.915209966, 231.850664652, 579.979816747, 690.368356957, 200.812133085, 464.808768572, 395.072121682, 595.115681572, 465.678901324, 680.882733976, 597.503185247, 538.446954034, 699.401616558, 612.701831987, 736.489416301, 660.245781301, 637.72492505, 575.429802811, 256.188542008, 507.957096646, 600.644478231, 287.834387913, 706.17464723, 616.088537824, 694.233632989, 477.553580614, 741.240527543, 390.014606121, 717.65693719, 467.482859288, 519.963959109, 164.999252858, 711.003214443, 471.948829644, 584.052233464, 633.747171971, 662.242003743, 650.134110458, 704.013913267, 469.884265398, 705.357295718, 701.720701536, 0.0, 648.434028992, 685.079294902, 611.765841492, 660.976440173, 707.69694303, 601.046913788, 592.469427088
399.010964119, 501.258449429, 496.095196384, 467.74957443, 326.562225375, 293.63593597, 324.14178214, 375.433926598, 410.208980953, 349.698468071, 359.386392292, 348.122244326, 581.889835574, 438.066677984, 333.371594974, 291.550340143, 522.283062948, 502.968690616, 508.388468161, 414.862903749, 348.681429764, 550.630854424, 571.374891501, 369.11368133, 581.736748023, 452.759086759, 414.595775465, 355.458273045, 388.296912717, 474.284426763, 558.116909803, 303.184241398, 446.38740552, 566.973146704, 337.950924757, 485.825348407, 314.401961112, 595.412033632, 512.507694419, 328.19247362, 579.000135372, 486.81052464, 366.702063174, 433.421942747, 333.846111225, 327.741800054, 434.243927337, 742.12755994, 338.581237731, 329.916982859, 305.446878006, 640.527783469, 319.775626405, 330.180245889, 584.666164301, 533.244142462, 296.518877804, 339.564581718, 433.279656491, 371.343195104, 317.847861968, 390.841762747, 648.434028992, 0.0, 477.27841095, 564.954275507, 484.811554079, 400.902336047, 547.54373252, 590.835793101
503.621330405, 596.678266865, 583.714064112, 546.073927865, 479.433048458, 477.171730746, 498.873043179, 514.631837906, 538.151479824, 481.291434961, 491.389696652, 518.199730414, 636.931551484, 549.152577163, 473.278469168, 490.635018459, 603.535814839, 582.854241261, 601.582765068, 504.745199426, 514.578378651, 613.30852997, 628.232534639, 467.800087398, 630.878846112, 539.571766193, 533.790356192, 493.024389216, 522.886600764, 574.943896624, 589.643910314, 481.261092425, 529.514012485, 641.286261503, 523.803218746, 559.879080301, 504.296518065, 612.267314555, 588.107507461, 494.036322429, 618.056617887, 575.558242945, 511.353380904, 543.801447218, 516.652728812, 498.591008336, 566.055870127, 749.617389272, 504.413695262, 491.816950287, 480.475619262, 673.294793109, 501.200039027, 484.687997738, 603.442367326, 582.076995881, 488.69505116, 497.72390368, 532.927508501, 510.098288202, 492.259251108, 499.844157859, 685.079294902, 477.27841095, 0.0, 631.932731779, 528.94404227, 510.447136527, 590.558777257, 614.4261888
640.501277848, 593.240267246, 551.859993397, 545.846530228, 553.172653371, 574.881622944, 570.327440616, 528.677095492, 632.850517946, 586.032312085, 620.442743873, 605.971434307, 588.407682809, 616.766096652, 570.105441967, 576.45630527, 608.64972008, 549.779282149, 650.987105275, 631.583596611, 617.621890253, 571.53544667, 649.789047926, 611.216139576, 584.962682909, 565.050383968, 523.512795463, 565.327451886, 521.416302413, 612.818764376, 631.85977887, 539.212878833, 611.232834937, 660.788686518, 611.147063938, 632.950269869, 581.847802674, 644.839160006, 561.338073759, 525.25639192, 647.624015142, 546.358409427, 615.153619781, 568.06731517, 586.292369195, 533.623445636, 630.762702144, 663.885815672, 607.261730509, 528.330696726, 537.441035165, 620.767235393, 587.152441517, 525.106141053, 666.043743545, 570.503596267, 579.142258394, 584.675750326, 625.719092151, 526.34429352, 614.468934177, 634.657210912, 611.765841492, 564.954275507, 631.932731779, 0.0, 642.923766076, 633.627601278, 611.716828689, 630.117656935
509.584835177, 593.057574131, 569.745777206, 532.204208953, 501.544079136, 486.956403599, 499.910886422, 512.477267543, 575.705579208, 501.786860482, 508.616195462, 524.127678712, 618.73744621, 565.419863473, 499.980464753, 499.139453586, 579.710101379, 567.170166774, 624.879340411, 513.115302601, 530.51478308, 598.503682671, 632.756494514, 476.206839909, 616.262727134, 534.838478554, 527.899099741, 484.239210661, 521.323556598, 584.90172426, 582.193216163, 477.236977787, 551.200389467, 649.491089965, 539.793261886, 565.664526825, 495.832810566, 593.476432652, 573.553399183, 506.678671249, 634.977122609, 562.310248064, 519.509433715, 557.143913869, 523.992265793, 495.380092422, 573.639878027, 722.209919856, 521.506195743, 500.234950432, 492.041462257, 652.912765159, 527.318077345, 486.338652135, 583.87202273, 596.507626947, 505.972820985, 513.799761144, 527.403190808, 507.206413437, 520.814312955, 508.9062844, 660.976440173, 484.811554079, 528.94404227, 642.923766076, 0.0, 498.807232546, 567.092556055, 578.691177868
431.146820418, 555.247091745, 578.875433221, 530.837635377, 461.691974641, 401.324939222, 429.617753295, 484.442224943, 475.38673597, 443.601484027, 412.457805321, 438.10182133, 651.438374093, 516.256697499, 449.262853557, 415.393422671, 539.131887779, 586.155181137, 572.113187364, 430.550966389, 428.868055656, 622.09786924, 631.402682763, 415.329023036, 650.774795718, 529.549815058, 513.152211307, 445.299323871, 487.458684862, 546.794936674, 605.772089389, 424.537539578, 511.679310032, 640.780634391, 446.05660354, 524.115702327, 441.832337647, 627.897915435, 591.723509795, 452.078188434, 632.655689516, 574.455347392, 436.24529797, 530.993585967, 444.632880284, 450.408800194, 515.004847204, 783.315085957, 434.806704062, 461.15587047, 425.938779559, 700.663441284, 419.158428513, 439.966509431, 610.084498529, 577.489177086, 416.47667346, 437.556651022, 489.123874146, 472.967802021, 417.095606554, 460.670004999, 707.69694303, 400.902336047, 510.447136527, 633.627601278, 498.807232546, 0.0, 590.580608552, 615.762840406
603.939146375, 556.262375084, 541.488915005, 528.388233401, 542.27029004, 558.491621227, 563.516492853, 515.066885879, 645.382852205, 556.889360662, 584.448116957, 582.396653927, 567.478516987, 629.708622319, 547.114829141, 561.486019527, 564.007256211, 535.414698478, 652.039039284, 574.601800205, 604.164913565, 551.777685352, 652.909112389, 563.83840202, 570.658220556, 550.822824203, 522.731449656, 567.759302979, 535.32439476, 637.38280945, 586.357574249, 533.486366567, 577.494968983, 681.137467194, 620.350894995, 582.858576757, 552.238867741, 539.975923735, 542.503054453, 526.401026044, 638.92748538, 540.218997178, 579.84002938, 587.239452734, 606.31055961, 521.42900808, 639.840210621, 650.360084201, 603.059296264, 518.630404303, 534.052748635, 593.762356262, 588.192015198, 509.543176662, 579.013518471, 622.318376944, 573.392531126, 571.462845323, 557.596076035, 529.567336364, 580.975929069, 572.752987361, 601.046913788, 547.54373252, 590.558777257, 611.716828689, 567.092556055, 590.580608552, 0.0, 531.242781389
631.554075596, 569.163117946, 541.000233542, 535.318445891, 576.591662319, 590.51989048, 603.522086125, 535.73379673, 676.853213955, 593.154024487, 618.1528346, 616.183442002, 562.308970845, 657.836186787, 593.488368259, 597.325712173, 572.978636554, 539.462548303, 674.056166014, 610.701478817, 626.999896793, 549.378817487, 673.415342883, 583.105456692, 561.567007994, 574.578015387, 530.553174174, 573.677420796, 545.13680069, 669.754084067, 596.258737531, 547.165915635, 613.6045048, 701.783955206, 652.564603467, 611.42405857, 581.407565601, 485.120013488, 536.778367955, 552.262280233, 622.713922809, 539.085341564, 612.119027232, 622.498049418, 634.118531059, 544.947513355, 662.834844889, 644.078022314, 636.434723633, 540.66710802, 550.807157727, 581.016346177, 624.767563589, 531.730755623, 590.628609798, 635.774943722, 605.043708182, 592.527615438, 587.075479152, 545.429811037, 621.023155239, 600.306502346, 592.469427088, 590.835793101, 614.4261888, 630.117656935, 578.691177868, 615.762840406, 531.242781389, 0.0
